{"accuracy": 0.9937045515755454, "precision": 0.6725592475803898, "recall": 0.6490995786131972, "f1": 0.6450527600844514}