{"accuracy": 0.9873081066523027, "precision": 0.6269847128545033, "recall": 0.6211674014563178, "f1": 0.6130874056922349}